group_id	inherited_evans_locator	inherited_olivier_locator	coverage	entire_group_examined	reviewer_source_locator	observed_marks_and_targets	limitations_and_notes
PD-A-E31	p280, Figure128, native group A31	p18 groupA31	unassessed	false			
PD-A-E30	p280, Figure128, native group A30	p18 groupA30	unassessed	false			
PD-A-E29	p280, Figure128, native group A29	p18 groupA29	unassessed	false			
PD-A-E28	p280, Figure128, native group A28	p17 groupA28	unassessed	false			
PD-A-E27	p280, Figure128, native group A27	p17 groupA27	unassessed	false			
PD-A-E26	p280, Figure128, native group A26	p17 groupA26	unassessed	false			
PD-A-E25	p280, Figure128, native group A25	p17 groupA25	unassessed	false			
PD-A-E24	p280, Figure128, native group A24	p16 groupA24	unassessed	false			
PD-A-E23	p280, Figure128, native group A23	p16 groupA23	unassessed	false			
PD-A-E22	p280, Figure128, native group A22	p16 groupA22	unassessed	false			
PD-A-E21	p280, Figure128, native group A21	p16 groupA21	unassessed	false			
PD-A-E20	p280, Figure128, native group A20	p15 groupA20	unassessed	false			
PD-A-E19	p280, Figure128, native group A19	p15 groupA19	unassessed	false			
PD-A-E18	p280, Figure128, native group A18	p15 groupA18	unassessed	false			
PD-A-E17	p280, Figure128, native group A17	p14 groupA17	unassessed	false			
PD-A-E16	p280, Figure128, native group A16	p14 groupA16	unassessed	false			
PD-A-E15	p280, Figure128, native group A15	p14 groupA15	unassessed	false			
PD-A-E14	p280, Figure128, native group A14	p13 groupA14	unassessed	false			
PD-A-E13	p280, Figure128, native group A13	p13 groupA13	unassessed	false			
PD-A-E12	p280, Figure128, native group A12	p13 groupA12	unassessed	false			
PD-A-E11	p280, Figure128, native group A11	p13 groupA11	unassessed	false			
PD-A-E10	p280, Figure128, native group A10	p12 groupA10	unassessed	false			
PD-A-E09	p280, Figure128, native group A9	p12 groupA9	unassessed	false			
PD-A-E08	p280, Figure128, native group A8	p11 groupA8	unassessed	false			
PD-A-E07	p280, Figure128, native group A7	p11 groupA7	unassessed	false			
PD-A-E06	p280, Figure128, native group A6	p11 groupA6	unassessed	false			
PD-A-E05	p280, Figure128, native group A5	p11 groupA5	unassessed	false			
PD-A-E04	p280, Figure128, native group A4	p10 groupA4	unassessed	false			
PD-A-E03	p280, Figure128, native group A3	p10 groupA3	unassessed	false			
PD-A-E02	p280, Figure128, native group A2	p10 groupA2	unassessed	false			
PD-A-E01	p280, Figure128, native group A1	p10 groupA1	unassessed	false			
PD-B-E30	p282, Figure129, native group B30	p26 groupB30	unassessed	false			
PD-B-E29	p282, Figure129, native group B29	p26 groupB29	unassessed	false			
PD-B-E28	p282, Figure129, native group B28	p26 groupB28	unassessed	false			
PD-B-E27	p282, Figure129, native group B27	p26 groupB27	unassessed	false			
PD-B-E26	p282, Figure129, native group B26	p25 groupB26	unassessed	false			
PD-B-E25	p282, Figure129, native group B25	p25 groupB25	unassessed	false			
PD-B-E24	p282, Figure129, native group B24	p25 groupB24	unassessed	false			
PD-B-E23	p282, Figure129, native group B23	p25 groupB23	unassessed	false			
PD-B-E22	p282, Figure129, native group B22	p24 groupB22	unassessed	false			
PD-B-E21	p282, Figure129, native group B21	p24 groupB21	unassessed	false			
PD-B-E20	p282, Figure129, native group B20	p24 groupB20	unassessed	false			
PD-B-E19	p282, Figure129, native group B19	p24 groupB19	unassessed	false			
PD-B-E18	p282, Figure129, native group B18	p23 groupB18	unassessed	false			
PD-B-E17	p282, Figure129, native group B17	p23 groupB17	unassessed	false			
PD-B-E16	p282, Figure129, native group B16	p22 groupB16	unassessed	false			
PD-B-E15	p282, Figure129, native group B15	p22 groupB15	unassessed	false			
PD-B-E14	p282, Figure129, native group B14	p22 groupB14	unassessed	false			
PD-B-E13	p282, Figure129, native group B13	p22 groupB13	unassessed	false			
PD-B-E12	p282, Figure129, native group B12	p21 groupB12	unassessed	false			
PD-B-E11	p282, Figure129, native group B11	p21 groupB11	unassessed	false			
PD-B-E10	p282, Figure129, native group B10	p21 groupB10	unassessed	false			
PD-B-E09	p282, Figure129, native group B9	p21 groupB9	unassessed	false			
PD-B-E08	p282, Figure129, native group B8	p20 groupB8	unassessed	false			
PD-B-E07	p282, Figure129, native group B7	p20 groupB7	unassessed	false			
PD-B-E06	p282, Figure129, native group B6	p20 groupB6	unassessed	false			
PD-B-E05	p282, Figure129, native group B5	p20 groupB5	unassessed	false			
PD-B-E04	p282, Figure129, native group B4	p19 groupB4	unassessed	false			
PD-B-E03	p282, Figure129, native group B3	p19 groupB3	unassessed	false			
PD-B-E02	p282, Figure129, native group B2	p19 groupB2	unassessed	false			
PD-B-E01	p282, Figure129, native group B1	p19 groupB1	unassessed	false			
