occurrence_id	group_id	native_sign_number	inherited_evans_locator	inherited_olivier_locator	decision	ordinal_checked	fine_detail_checked	reviewer_source_locator	reviewer_note
PD-A-E31-S01	PD-A-E31	2	p280, Figure128, native group A31	p18 groupA31	unreviewed	false	false		
PD-A-E31-S02	PD-A-E31	12	p280, Figure128, native group A31	p18 groupA31	unreviewed	false	false		
PD-A-E31-S03	PD-A-E31	13	p280, Figure128, native group A31	p18 groupA31	unreviewed	false	false		
PD-A-E31-S04	PD-A-E31	1	p280, Figure128, native group A31	p18 groupA31	unreviewed	false	false		
PD-A-E31-S05	PD-A-E31	18	p280, Figure128, native group A31	p18 groupA31	unreviewed	false	false		
PD-A-E30-S01	PD-A-E30	24	p280, Figure128, native group A30	p18 groupA30	unreviewed	false	false		
PD-A-E30-S02	PD-A-E30	40	p280, Figure128, native group A30	p18 groupA30	unreviewed	false	false		
PD-A-E30-S03	PD-A-E30	12	p280, Figure128, native group A30	p18 groupA30	unreviewed	false	false		
PD-A-E29-S01	PD-A-E29	29	p280, Figure128, native group A29	p18 groupA29	unreviewed	false	false		
PD-A-E29-S02	PD-A-E29	45	p280, Figure128, native group A29	p18 groupA29	unreviewed	false	false		
PD-A-E29-S03	PD-A-E29	7	p280, Figure128, native group A29	p18 groupA29	unreviewed	false	false		
PD-A-E28-S01	PD-A-E28	29	p280, Figure128, native group A28	p17 groupA28	unreviewed	false	false		
PD-A-E28-S02	PD-A-E28	29	p280, Figure128, native group A28	p17 groupA28	unreviewed	false	false		
PD-A-E28-S03	PD-A-E28	34	p280, Figure128, native group A28	p17 groupA28	unreviewed	false	false		
PD-A-E27-S01	PD-A-E27	2	p280, Figure128, native group A27	p17 groupA27	unreviewed	false	false		
PD-A-E27-S02	PD-A-E27	12	p280, Figure128, native group A27	p17 groupA27	unreviewed	false	false		
PD-A-E27-S03	PD-A-E27	4	p280, Figure128, native group A27	p17 groupA27	unreviewed	false	false		
PD-A-E27-S04	PD-A-E27	40	p280, Figure128, native group A27	p17 groupA27	unreviewed	false	false		
PD-A-E27-S05	PD-A-E27	33	p280, Figure128, native group A27	p17 groupA27	unreviewed	false	false		
PD-A-E26-S01	PD-A-E26	27	p280, Figure128, native group A26	p17 groupA26	unreviewed	false	false		
PD-A-E26-S02	PD-A-E26	45	p280, Figure128, native group A26	p17 groupA26	unreviewed	false	false		
PD-A-E26-S03	PD-A-E26	7	p280, Figure128, native group A26	p17 groupA26	unreviewed	false	false		
PD-A-E26-S04	PD-A-E26	12	p280, Figure128, native group A26	p17 groupA26	unreviewed	false	false		
PD-A-E25-S01	PD-A-E25	27	p280, Figure128, native group A25	p17 groupA25	unreviewed	false	false		
PD-A-E25-S02	PD-A-E25	44	p280, Figure128, native group A25	p17 groupA25	unreviewed	false	false		
PD-A-E25-S03	PD-A-E25	8	p280, Figure128, native group A25	p17 groupA25	unreviewed	false	false		
PD-A-E24-S01	PD-A-E24	2	p280, Figure128, native group A24	p16 groupA24	unreviewed	false	false		
PD-A-E24-S02	PD-A-E24	12	p280, Figure128, native group A24	p16 groupA24	unreviewed	false	false		
PD-A-E24-S03	PD-A-E24	6	p280, Figure128, native group A24	p16 groupA24	unreviewed	false	false		
PD-A-E24-S04	PD-A-E24	18	p280, Figure128, native group A24	p16 groupA24	unreviewed	false	false		
PD-A-E24-S05	PD-A-E24	?	p280, Figure128, native group A24	p16 groupA24	unreviewed	false	false		
PD-A-E23-S01	PD-A-E23	31	p280, Figure128, native group A23	p16 groupA23	unreviewed	false	false		
PD-A-E23-S02	PD-A-E23	26	p280, Figure128, native group A23	p16 groupA23	unreviewed	false	false		
PD-A-E23-S03	PD-A-E23	35	p280, Figure128, native group A23	p16 groupA23	unreviewed	false	false		
PD-A-E22-S01	PD-A-E22	2	p280, Figure128, native group A22	p16 groupA22	unreviewed	false	false		
PD-A-E22-S02	PD-A-E22	12	p280, Figure128, native group A22	p16 groupA22	unreviewed	false	false		
PD-A-E22-S03	PD-A-E22	41	p280, Figure128, native group A22	p16 groupA22	unreviewed	false	false		
PD-A-E22-S04	PD-A-E22	19	p280, Figure128, native group A22	p16 groupA22	unreviewed	false	false		
PD-A-E22-S05	PD-A-E22	35	p280, Figure128, native group A22	p16 groupA22	unreviewed	false	false		
PD-A-E21-S01	PD-A-E21	1	p280, Figure128, native group A21	p16 groupA21	unreviewed	false	false		
PD-A-E21-S02	PD-A-E21	41	p280, Figure128, native group A21	p16 groupA21	unreviewed	false	false		
PD-A-E21-S03	PD-A-E21	40	p280, Figure128, native group A21	p16 groupA21	unreviewed	false	false		
PD-A-E21-S04	PD-A-E21	7	p280, Figure128, native group A21	p16 groupA21	unreviewed	false	false		
PD-A-E20-S01	PD-A-E20	2	p280, Figure128, native group A20	p15 groupA20	unreviewed	false	false		
PD-A-E20-S02	PD-A-E20	12	p280, Figure128, native group A20	p15 groupA20	unreviewed	false	false		
PD-A-E20-S03	PD-A-E20	32	p280, Figure128, native group A20	p15 groupA20	unreviewed	false	false		
PD-A-E20-S04	PD-A-E20	23	p280, Figure128, native group A20	p15 groupA20	unreviewed	false	false		
PD-A-E20-S05	PD-A-E20	38	p280, Figure128, native group A20	p15 groupA20	unreviewed	false	false		
PD-A-E19-S01	PD-A-E19	39	p280, Figure128, native group A19	p15 groupA19	unreviewed	false	false		
PD-A-E19-S02	PD-A-E19	11	p280, Figure128, native group A19	p15 groupA19	unreviewed	false	false		
PD-A-E18-S01	PD-A-E18	2	p280, Figure128, native group A18	p15 groupA18	unreviewed	false	false		
PD-A-E18-S02	PD-A-E18	27	p280, Figure128, native group A18	p15 groupA18	unreviewed	false	false		
PD-A-E18-S03	PD-A-E18	25	p280, Figure128, native group A18	p15 groupA18	unreviewed	false	false		
PD-A-E18-S04	PD-A-E18	10	p280, Figure128, native group A18	p15 groupA18	unreviewed	false	false		
PD-A-E18-S05	PD-A-E18	23	p280, Figure128, native group A18	p15 groupA18	unreviewed	false	false		
PD-A-E18-S06	PD-A-E18	18	p280, Figure128, native group A18	p15 groupA18	unreviewed	false	false		
PD-A-E17-S01	PD-A-E17	28	p280, Figure128, native group A17	p14 groupA17	unreviewed	false	false		
PD-A-E17-S02	PD-A-E17	1	p280, Figure128, native group A17	p14 groupA17	unreviewed	false	false		
PD-A-E16-S01	PD-A-E16	2	p280, Figure128, native group A16	p14 groupA16	unreviewed	false	false		
PD-A-E16-S02	PD-A-E16	12	p280, Figure128, native group A16	p14 groupA16	unreviewed	false	false		
PD-A-E16-S03	PD-A-E16	31	p280, Figure128, native group A16	p14 groupA16	unreviewed	false	false		
PD-A-E16-S04	PD-A-E16	26	p280, Figure128, native group A16	p14 groupA16	unreviewed	false	false		
PD-A-E15-S01	PD-A-E15	2	p280, Figure128, native group A15	p14 groupA15	unreviewed	false	false		
PD-A-E15-S02	PD-A-E15	12	p280, Figure128, native group A15	p14 groupA15	unreviewed	false	false		
PD-A-E15-S03	PD-A-E15	27	p280, Figure128, native group A15	p14 groupA15	unreviewed	false	false		
PD-A-E15-S04	PD-A-E15	27	p280, Figure128, native group A15	p14 groupA15	unreviewed	false	false		
PD-A-E15-S05	PD-A-E15	35	p280, Figure128, native group A15	p14 groupA15	unreviewed	false	false		
PD-A-E15-S06	PD-A-E15	37	p280, Figure128, native group A15	p14 groupA15	unreviewed	false	false		
PD-A-E15-S07	PD-A-E15	21	p280, Figure128, native group A15	p14 groupA15	unreviewed	false	false		
PD-A-E14-S01	PD-A-E14	33	p280, Figure128, native group A14	p13 groupA14	unreviewed	false	false		
PD-A-E14-S02	PD-A-E14	23	p280, Figure128, native group A14	p13 groupA14	unreviewed	false	false		
PD-A-E13-S01	PD-A-E13	2	p280, Figure128, native group A13	p13 groupA13	unreviewed	false	false		
PD-A-E13-S02	PD-A-E13	12	p280, Figure128, native group A13	p13 groupA13	unreviewed	false	false		
PD-A-E13-S03	PD-A-E13	31	p280, Figure128, native group A13	p13 groupA13	unreviewed	false	false		
PD-A-E13-S04	PD-A-E13	26	p280, Figure128, native group A13	p13 groupA13	unreviewed	false	false		
PD-A-E12-S01	PD-A-E12	2	p280, Figure128, native group A12	p13 groupA12	unreviewed	false	false		
PD-A-E12-S02	PD-A-E12	27	p280, Figure128, native group A12	p13 groupA12	unreviewed	false	false		
PD-A-E12-S03	PD-A-E12	25	p280, Figure128, native group A12	p13 groupA12	unreviewed	false	false		
PD-A-E12-S04	PD-A-E12	10	p280, Figure128, native group A12	p13 groupA12	unreviewed	false	false		
PD-A-E12-S05	PD-A-E12	23	p280, Figure128, native group A12	p13 groupA12	unreviewed	false	false		
PD-A-E12-S06	PD-A-E12	18	p280, Figure128, native group A12	p13 groupA12	unreviewed	false	false		
PD-A-E11-S01	PD-A-E11	28	p280, Figure128, native group A11	p13 groupA11	unreviewed	false	false		
PD-A-E11-S02	PD-A-E11	1	p280, Figure128, native group A11	p13 groupA11	unreviewed	false	false		
PD-A-E10-S01	PD-A-E10	2	p280, Figure128, native group A10	p12 groupA10	unreviewed	false	false		
PD-A-E10-S02	PD-A-E10	12	p280, Figure128, native group A10	p12 groupA10	unreviewed	false	false		
PD-A-E10-S03	PD-A-E10	31	p280, Figure128, native group A10	p12 groupA10	unreviewed	false	false		
PD-A-E10-S04	PD-A-E10	26	p280, Figure128, native group A10	p12 groupA10	unreviewed	false	false		
PD-A-E09-S01	PD-A-E09	2	p280, Figure128, native group A9	p12 groupA9	unreviewed	false	false		
PD-A-E09-S02	PD-A-E09	12	p280, Figure128, native group A9	p12 groupA9	unreviewed	false	false		
PD-A-E09-S03	PD-A-E09	27	p280, Figure128, native group A9	p12 groupA9	unreviewed	false	false		
PD-A-E09-S04	PD-A-E09	14	p280, Figure128, native group A9	p12 groupA9	unreviewed	false	false		
PD-A-E09-S05	PD-A-E09	32	p280, Figure128, native group A9	p12 groupA9	unreviewed	false	false		
PD-A-E09-S06	PD-A-E09	18	p280, Figure128, native group A9	p12 groupA9	unreviewed	false	false		
PD-A-E09-S07	PD-A-E09	27	p280, Figure128, native group A9	p12 groupA9	unreviewed	false	false		
PD-A-E08-S01	PD-A-E08	6	p280, Figure128, native group A8	p11 groupA8	unreviewed	false	false		
PD-A-E08-S02	PD-A-E08	18	p280, Figure128, native group A8	p11 groupA8	unreviewed	false	false		
PD-A-E08-S03	PD-A-E08	17	p280, Figure128, native group A8	p11 groupA8	unreviewed	false	false		
PD-A-E08-S04	PD-A-E08	19	p280, Figure128, native group A8	p11 groupA8	unreviewed	false	false		
PD-A-E07-S01	PD-A-E07	31	p280, Figure128, native group A7	p11 groupA7	unreviewed	false	false		
PD-A-E07-S02	PD-A-E07	26	p280, Figure128, native group A7	p11 groupA7	unreviewed	false	false		
PD-A-E07-S03	PD-A-E07	12	p280, Figure128, native group A7	p11 groupA7	unreviewed	false	false		
PD-A-E06-S01	PD-A-E06	2	p280, Figure128, native group A6	p11 groupA6	unreviewed	false	false		
PD-A-E06-S02	PD-A-E06	12	p280, Figure128, native group A6	p11 groupA6	unreviewed	false	false		
PD-A-E06-S03	PD-A-E06	13	p280, Figure128, native group A6	p11 groupA6	unreviewed	false	false		
PD-A-E06-S04	PD-A-E06	1	p280, Figure128, native group A6	p11 groupA6	unreviewed	false	false		
PD-A-E05-S01	PD-A-E05	23	p280, Figure128, native group A5	p11 groupA5	unreviewed	false	false		
PD-A-E05-S02	PD-A-E05	19	p280, Figure128, native group A5	p11 groupA5	unreviewed	false	false		
PD-A-E05-S03	PD-A-E05	35	p280, Figure128, native group A5	p11 groupA5	unreviewed	false	false		
PD-A-E04-S01	PD-A-E04	10	p280, Figure128, native group A4	p10 groupA4	unreviewed	false	false		
PD-A-E04-S02	PD-A-E04	3	p280, Figure128, native group A4	p10 groupA4	unreviewed	false	false		
PD-A-E04-S03	PD-A-E04	38	p280, Figure128, native group A4	p10 groupA4	unreviewed	false	false		
PD-A-E03-S01	PD-A-E03	2	p280, Figure128, native group A3	p10 groupA3	unreviewed	false	false		
PD-A-E03-S02	PD-A-E03	12	p280, Figure128, native group A3	p10 groupA3	unreviewed	false	false		
PD-A-E03-S03	PD-A-E03	27	p280, Figure128, native group A3	p10 groupA3	unreviewed	false	false		
PD-A-E03-S04	PD-A-E03	27	p280, Figure128, native group A3	p10 groupA3	unreviewed	false	false		
PD-A-E03-S05	PD-A-E03	35	p280, Figure128, native group A3	p10 groupA3	unreviewed	false	false		
PD-A-E03-S06	PD-A-E03	37	p280, Figure128, native group A3	p10 groupA3	unreviewed	false	false		
PD-A-E03-S07	PD-A-E03	21	p280, Figure128, native group A3	p10 groupA3	unreviewed	false	false		
PD-A-E02-S01	PD-A-E02	13	p280, Figure128, native group A2	p10 groupA2	unreviewed	false	false		
PD-A-E02-S02	PD-A-E02	1	p280, Figure128, native group A2	p10 groupA2	unreviewed	false	false		
PD-A-E01-S01	PD-A-E01	10	p280, Figure128, native group A1	p10 groupA1	unreviewed	false	false		
PD-A-E01-S02	PD-A-E01	3	p280, Figure128, native group A1	p10 groupA1	unreviewed	false	false		
PD-A-E01-S03	PD-A-E01	38	p280, Figure128, native group A1	p10 groupA1	unreviewed	false	false		
PD-B-E30-S01	PD-B-E30	2	p282, Figure129, native group B30	p26 groupB30	unreviewed	false	false		
PD-B-E30-S02	PD-B-E30	12	p282, Figure129, native group B30	p26 groupB30	unreviewed	false	false		
PD-B-E30-S03	PD-B-E30	22	p282, Figure129, native group B30	p26 groupB30	unreviewed	false	false		
PD-B-E30-S04	PD-B-E30	40	p282, Figure129, native group B30	p26 groupB30	unreviewed	false	false		
PD-B-E30-S05	PD-B-E30	7	p282, Figure129, native group B30	p26 groupB30	unreviewed	false	false		
PD-B-E29-S01	PD-B-E29	27	p282, Figure129, native group B29	p26 groupB29	unreviewed	false	false		
PD-B-E29-S02	PD-B-E29	45	p282, Figure129, native group B29	p26 groupB29	unreviewed	false	false		
PD-B-E29-S03	PD-B-E29	7	p282, Figure129, native group B29	p26 groupB29	unreviewed	false	false		
PD-B-E29-S04	PD-B-E29	35	p282, Figure129, native group B29	p26 groupB29	unreviewed	false	false		
PD-B-E28-S01	PD-B-E28	2	p282, Figure129, native group B28	p26 groupB28	unreviewed	false	false		
PD-B-E28-S02	PD-B-E28	37	p282, Figure129, native group B28	p26 groupB28	unreviewed	false	false		
PD-B-E28-S03	PD-B-E28	23	p282, Figure129, native group B28	p26 groupB28	unreviewed	false	false		
PD-B-E28-S04	PD-B-E28	5	p282, Figure129, native group B28	p26 groupB28	unreviewed	false	false		
PD-B-E27-S01	PD-B-E27	22	p282, Figure129, native group B27	p26 groupB27	unreviewed	false	false		
PD-B-E27-S02	PD-B-E27	25	p282, Figure129, native group B27	p26 groupB27	unreviewed	false	false		
PD-B-E27-S03	PD-B-E27	27	p282, Figure129, native group B27	p26 groupB27	unreviewed	false	false		
PD-B-E26-S01	PD-B-E26	33	p282, Figure129, native group B26	p25 groupB26	unreviewed	false	false		
PD-B-E26-S02	PD-B-E26	24	p282, Figure129, native group B26	p25 groupB26	unreviewed	false	false		
PD-B-E26-S03	PD-B-E26	20	p282, Figure129, native group B26	p25 groupB26	unreviewed	false	false		
PD-B-E26-S04	PD-B-E26	12	p282, Figure129, native group B26	p25 groupB26	unreviewed	false	false		
PD-B-E25-S01	PD-B-E25	16	p282, Figure129, native group B25	p25 groupB25	unreviewed	false	false		
PD-B-E25-S02	PD-B-E25	23	p282, Figure129, native group B25	p25 groupB25	unreviewed	false	false		
PD-B-E25-S03	PD-B-E25	18	p282, Figure129, native group B25	p25 groupB25	unreviewed	false	false		
PD-B-E25-S04	PD-B-E25	43	p282, Figure129, native group B25	p25 groupB25	unreviewed	false	false		
PD-B-E24-S01	PD-B-E24	13	p282, Figure129, native group B24	p25 groupB24	unreviewed	false	false		
PD-B-E24-S02	PD-B-E24	1	p282, Figure129, native group B24	p25 groupB24	unreviewed	false	false		
PD-B-E24-S03	PD-B-E24	39	p282, Figure129, native group B24	p25 groupB24	unreviewed	false	false		
PD-B-E24-S04	PD-B-E24	33	p282, Figure129, native group B24	p25 groupB24	unreviewed	false	false		
PD-B-E23-S01	PD-B-E23	15	p282, Figure129, native group B23	p25 groupB23	unreviewed	false	false		
PD-B-E23-S02	PD-B-E23	7	p282, Figure129, native group B23	p25 groupB23	unreviewed	false	false		
PD-B-E23-S03	PD-B-E23	13	p282, Figure129, native group B23	p25 groupB23	unreviewed	false	false		
PD-B-E23-S04	PD-B-E23	1	p282, Figure129, native group B23	p25 groupB23	unreviewed	false	false		
PD-B-E23-S05	PD-B-E23	18	p282, Figure129, native group B23	p25 groupB23	unreviewed	false	false		
PD-B-E22-S01	PD-B-E22	22	p282, Figure129, native group B22	p24 groupB22	unreviewed	false	false		
PD-B-E22-S02	PD-B-E22	37	p282, Figure129, native group B22	p24 groupB22	unreviewed	false	false		
PD-B-E22-S03	PD-B-E22	42	p282, Figure129, native group B22	p24 groupB22	unreviewed	false	false		
PD-B-E22-S04	PD-B-E22	25	p282, Figure129, native group B22	p24 groupB22	unreviewed	false	false		
PD-B-E21-S01	PD-B-E21	7	p282, Figure129, native group B21	p24 groupB21	unreviewed	false	false		
PD-B-E21-S02	PD-B-E21	24	p282, Figure129, native group B21	p24 groupB21	unreviewed	false	false		
PD-B-E21-S03	PD-B-E21	40	p282, Figure129, native group B21	p24 groupB21	unreviewed	false	false		
PD-B-E21-S04	PD-B-E21	35	p282, Figure129, native group B21	p24 groupB21	unreviewed	false	false		
PD-B-E20-S01	PD-B-E20	2	p282, Figure129, native group B20	p24 groupB20	unreviewed	false	false		
PD-B-E20-S02	PD-B-E20	26	p282, Figure129, native group B20	p24 groupB20	unreviewed	false	false		
PD-B-E20-S03	PD-B-E20	36	p282, Figure129, native group B20	p24 groupB20	unreviewed	false	false		
PD-B-E20-S04	PD-B-E20	40	p282, Figure129, native group B20	p24 groupB20	unreviewed	false	false		
PD-B-E19-S01	PD-B-E19	27	p282, Figure129, native group B19	p24 groupB19	unreviewed	false	false		
PD-B-E19-S02	PD-B-E19	25	p282, Figure129, native group B19	p24 groupB19	unreviewed	false	false		
PD-B-E19-S03	PD-B-E19	38	p282, Figure129, native group B19	p24 groupB19	unreviewed	false	false		
PD-B-E19-S04	PD-B-E19	1	p282, Figure129, native group B19	p24 groupB19	unreviewed	false	false		
PD-B-E18-S01	PD-B-E18	29	p282, Figure129, native group B18	p23 groupB18	unreviewed	false	false		
PD-B-E18-S02	PD-B-E18	24	p282, Figure129, native group B18	p23 groupB18	unreviewed	false	false		
PD-B-E18-S03	PD-B-E18	24	p282, Figure129, native group B18	p23 groupB18	unreviewed	false	false		
PD-B-E18-S04	PD-B-E18	20	p282, Figure129, native group B18	p23 groupB18	unreviewed	false	false		
PD-B-E18-S05	PD-B-E18	35	p282, Figure129, native group B18	p23 groupB18	unreviewed	false	false		
PD-B-E17-S01	PD-B-E17	16	p282, Figure129, native group B17	p23 groupB17	unreviewed	false	false		
PD-B-E17-S02	PD-B-E17	14	p282, Figure129, native group B17	p23 groupB17	unreviewed	false	false		
PD-B-E17-S03	PD-B-E17	18	p282, Figure129, native group B17	p23 groupB17	unreviewed	false	false		
PD-B-E16-S01	PD-B-E16	29	p282, Figure129, native group B16	p22 groupB16	unreviewed	false	false		
PD-B-E16-S02	PD-B-E16	33	p282, Figure129, native group B16	p22 groupB16	unreviewed	false	false		
PD-B-E16-S03	PD-B-E16	1	p282, Figure129, native group B16	p22 groupB16	unreviewed	false	false		
PD-B-E15-S01	PD-B-E15	6	p282, Figure129, native group B15	p22 groupB15	unreviewed	false	false		
PD-B-E15-S02	PD-B-E15	35	p282, Figure129, native group B15	p22 groupB15	unreviewed	false	false		
PD-B-E15-S03	PD-B-E15	32	p282, Figure129, native group B15	p22 groupB15	unreviewed	false	false		
PD-B-E15-S04	PD-B-E15	39	p282, Figure129, native group B15	p22 groupB15	unreviewed	false	false		
PD-B-E15-S05	PD-B-E15	33	p282, Figure129, native group B15	p22 groupB15	unreviewed	false	false		
PD-B-E14-S01	PD-B-E14	2	p282, Figure129, native group B14	p22 groupB14	unreviewed	false	false		
PD-B-E14-S02	PD-B-E14	9	p282, Figure129, native group B14	p22 groupB14	unreviewed	false	false		
PD-B-E14-S03	PD-B-E14	27	p282, Figure129, native group B14	p22 groupB14	unreviewed	false	false		
PD-B-E14-S04	PD-B-E14	1	p282, Figure129, native group B14	p22 groupB14	unreviewed	false	false		
PD-B-E13-S01	PD-B-E13	29	p282, Figure129, native group B13	p22 groupB13	unreviewed	false	false		
PD-B-E13-S02	PD-B-E13	36	p282, Figure129, native group B13	p22 groupB13	unreviewed	false	false		
PD-B-E13-S03	PD-B-E13	7	p282, Figure129, native group B13	p22 groupB13	unreviewed	false	false		
PD-B-E13-S04	PD-B-E13	8	p282, Figure129, native group B13	p22 groupB13	unreviewed	false	false		
PD-B-E12-S01	PD-B-E12	29	p282, Figure129, native group B12	p21 groupB12	unreviewed	false	false		
PD-B-E12-S02	PD-B-E12	8	p282, Figure129, native group B12	p21 groupB12	unreviewed	false	false		
PD-B-E12-S03	PD-B-E12	13	p282, Figure129, native group B12	p21 groupB12	unreviewed	false	false		
PD-B-E11-S01	PD-B-E11	29	p282, Figure129, native group B11	p21 groupB11	unreviewed	false	false		
PD-B-E11-S02	PD-B-E11	45	p282, Figure129, native group B11	p21 groupB11	unreviewed	false	false		
PD-B-E11-S03	PD-B-E11	7	p282, Figure129, native group B11	p21 groupB11	unreviewed	false	false		
PD-B-E10-S01	PD-B-E10	22	p282, Figure129, native group B10	p21 groupB10	unreviewed	false	false		
PD-B-E10-S02	PD-B-E10	29	p282, Figure129, native group B10	p21 groupB10	unreviewed	false	false		
PD-B-E10-S03	PD-B-E10	36	p282, Figure129, native group B10	p21 groupB10	unreviewed	false	false		
PD-B-E10-S04	PD-B-E10	7	p282, Figure129, native group B10	p21 groupB10	unreviewed	false	false		
PD-B-E10-S05	PD-B-E10	8	p282, Figure129, native group B10	p21 groupB10	unreviewed	false	false		
PD-B-E09-S01	PD-B-E09	27	p282, Figure129, native group B9	p21 groupB9	unreviewed	false	false		
PD-B-E09-S02	PD-B-E09	34	p282, Figure129, native group B9	p21 groupB9	unreviewed	false	false		
PD-B-E09-S03	PD-B-E09	23	p282, Figure129, native group B9	p21 groupB9	unreviewed	false	false		
PD-B-E09-S04	PD-B-E09	25	p282, Figure129, native group B9	p21 groupB9	unreviewed	false	false		
PD-B-E08-S01	PD-B-E08	7	p282, Figure129, native group B8	p20 groupB8	unreviewed	false	false		
PD-B-E08-S02	PD-B-E08	18	p282, Figure129, native group B8	p20 groupB8	unreviewed	false	false		
PD-B-E08-S03	PD-B-E08	35	p282, Figure129, native group B8	p20 groupB8	unreviewed	false	false		
PD-B-E07-S01	PD-B-E07	7	p282, Figure129, native group B7	p20 groupB7	unreviewed	false	false		
PD-B-E07-S02	PD-B-E07	45	p282, Figure129, native group B7	p20 groupB7	unreviewed	false	false		
PD-B-E07-S03	PD-B-E07	7	p282, Figure129, native group B7	p20 groupB7	unreviewed	false	false		
PD-B-E06-S01	PD-B-E06	7	p282, Figure129, native group B6	p20 groupB6	unreviewed	false	false		
PD-B-E06-S02	PD-B-E06	23	p282, Figure129, native group B6	p20 groupB6	unreviewed	false	false		
PD-B-E06-S03	PD-B-E06	18	p282, Figure129, native group B6	p20 groupB6	unreviewed	false	false		
PD-B-E06-S04	PD-B-E06	24	p282, Figure129, native group B6	p20 groupB6	unreviewed	false	false		
PD-B-E05-S01	PD-B-E05	22	p282, Figure129, native group B5	p20 groupB5	unreviewed	false	false		
PD-B-E05-S02	PD-B-E05	29	p282, Figure129, native group B5	p20 groupB5	unreviewed	false	false		
PD-B-E05-S03	PD-B-E05	36	p282, Figure129, native group B5	p20 groupB5	unreviewed	false	false		
PD-B-E05-S04	PD-B-E05	7	p282, Figure129, native group B5	p20 groupB5	unreviewed	false	false		
PD-B-E05-S05	PD-B-E05	8	p282, Figure129, native group B5	p20 groupB5	unreviewed	false	false		
PD-B-E04-S01	PD-B-E04	9	p282, Figure129, native group B4	p19 groupB4	unreviewed	false	false		
PD-B-E04-S02	PD-B-E04	30	p282, Figure129, native group B4	p19 groupB4	unreviewed	false	false		
PD-B-E04-S03	PD-B-E04	39	p282, Figure129, native group B4	p19 groupB4	unreviewed	false	false		
PD-B-E04-S04	PD-B-E04	18	p282, Figure129, native group B4	p19 groupB4	unreviewed	false	false		
PD-B-E04-S05	PD-B-E04	7	p282, Figure129, native group B4	p19 groupB4	unreviewed	false	false		
PD-B-E03-S01	PD-B-E03	2	p282, Figure129, native group B3	p19 groupB3	unreviewed	false	false		
PD-B-E03-S02	PD-B-E03	6	p282, Figure129, native group B3	p19 groupB3	unreviewed	false	false		
PD-B-E03-S03	PD-B-E03	35	p282, Figure129, native group B3	p19 groupB3	unreviewed	false	false		
PD-B-E03-S04	PD-B-E03	23	p282, Figure129, native group B3	p19 groupB3	unreviewed	false	false		
PD-B-E03-S05	PD-B-E03	7	p282, Figure129, native group B3	p19 groupB3	unreviewed	false	false		
PD-B-E02-S01	PD-B-E02	29	p282, Figure129, native group B2	p19 groupB2	unreviewed	false	false		
PD-B-E02-S02	PD-B-E02	34	p282, Figure129, native group B2	p19 groupB2	unreviewed	false	false		
PD-B-E02-S03	PD-B-E02	23	p282, Figure129, native group B2	p19 groupB2	unreviewed	false	false		
PD-B-E02-S04	PD-B-E02	25	p282, Figure129, native group B2	p19 groupB2	unreviewed	false	false		
PD-B-E01-S01	PD-B-E01	45	p282, Figure129, native group B1	p19 groupB1	unreviewed	false	false		
PD-B-E01-S02	PD-B-E01	7	p282, Figure129, native group B1	p19 groupB1	unreviewed	false	false		
