face,evans_group,outer_index,sign_numbers
A,31,1,02 12 13 01 18
A,30,2,24 40 12
A,29,3,29 45 07
A,28,4,29 29 34
A,27,5,02 12 04 40 33
A,26,6,27 45 07 12
A,25,7,27 44 08
A,24,8,02 12 06 18 ?
A,23,9,31 26 35
A,22,10,02 12 41 19 35
A,21,11,01 41 40 07
A,20,12,02 12 32 23 38
A,19,13,39 11
A,18,14,02 27 25 10 23 18
A,17,15,28 01
A,16,16,02 12 31 26
A,15,17,02 12 27 27 35 37 21
A,14,18,33 23
A,13,19,02 12 31 26
A,12,20,02 27 25 10 23 18
A,11,21,28 01
A,10,22,02 12 31 26
A,9,23,02 12 27 14 32 18 27
A,8,24,06 18 17 19
A,7,25,31 26 12
A,6,26,02 12 13 01
A,5,27,23 19 35
A,4,28,10 03 38
A,3,29,02 12 27 27 35 37 21
A,2,30,13 01
A,1,31,10 03 38
B,30,1,02 12 22 40 07
B,29,2,27 45 07 35
B,28,3,02 37 23 05
B,27,4,22 25 27
B,26,5,33 24 20 12
B,25,6,16 23 18 43
B,24,7,13 01 39 33
B,23,8,15 07 13 01 18
B,22,9,22 37 42 25
B,21,10,07 24 40 35
B,20,11,02 26 36 40
B,19,12,27 25 38 01
B,18,13,29 24 24 20 35
B,17,14,16 14 18
B,16,15,29 33 01
B,15,16,06 35 32 39 33
B,14,17,02 09 27 01
B,13,18,29 36 07 08
B,12,19,29 08 13
B,11,20,29 45 07
B,10,21,22 29 36 07 08
B,9,22,27 34 23 25
B,8,23,07 18 35
B,7,24,07 45 07
B,6,25,07 23 18 24
B,5,26,22 29 36 07 08
B,4,27,09 30 39 18 07
B,3,28,02 06 35 23 07
B,2,29,29 34 23 25
B,1,30,45 07
