group_id,face_id,evans_label,outer_index,occurrence_slots,semantics,source_id,source_locator
PD-A-E31,PD-001-A,A31,1,5,graphical_group_not_established_word,evans1909,"p280, Figure128, native group A31"
PD-A-E30,PD-001-A,A30,2,3,graphical_group_not_established_word,evans1909,"p280, Figure128, native group A30"
PD-A-E29,PD-001-A,A29,3,3,graphical_group_not_established_word,evans1909,"p280, Figure128, native group A29"
PD-A-E28,PD-001-A,A28,4,3,graphical_group_not_established_word,evans1909,"p280, Figure128, native group A28"
PD-A-E27,PD-001-A,A27,5,5,graphical_group_not_established_word,evans1909,"p280, Figure128, native group A27"
PD-A-E26,PD-001-A,A26,6,4,graphical_group_not_established_word,evans1909,"p280, Figure128, native group A26"
PD-A-E25,PD-001-A,A25,7,3,graphical_group_not_established_word,evans1909,"p280, Figure128, native group A25"
PD-A-E24,PD-001-A,A24,8,5,graphical_group_not_established_word,evans1909,"p280, Figure128, native group A24"
PD-A-E23,PD-001-A,A23,9,3,graphical_group_not_established_word,evans1909,"p280, Figure128, native group A23"
PD-A-E22,PD-001-A,A22,10,5,graphical_group_not_established_word,evans1909,"p280, Figure128, native group A22"
PD-A-E21,PD-001-A,A21,11,4,graphical_group_not_established_word,evans1909,"p280, Figure128, native group A21"
PD-A-E20,PD-001-A,A20,12,5,graphical_group_not_established_word,evans1909,"p280, Figure128, native group A20"
PD-A-E19,PD-001-A,A19,13,2,graphical_group_not_established_word,evans1909,"p280, Figure128, native group A19"
PD-A-E18,PD-001-A,A18,14,6,graphical_group_not_established_word,evans1909,"p280, Figure128, native group A18"
PD-A-E17,PD-001-A,A17,15,2,graphical_group_not_established_word,evans1909,"p280, Figure128, native group A17"
PD-A-E16,PD-001-A,A16,16,4,graphical_group_not_established_word,evans1909,"p280, Figure128, native group A16"
PD-A-E15,PD-001-A,A15,17,7,graphical_group_not_established_word,evans1909,"p280, Figure128, native group A15"
PD-A-E14,PD-001-A,A14,18,2,graphical_group_not_established_word,evans1909,"p280, Figure128, native group A14"
PD-A-E13,PD-001-A,A13,19,4,graphical_group_not_established_word,evans1909,"p280, Figure128, native group A13"
PD-A-E12,PD-001-A,A12,20,6,graphical_group_not_established_word,evans1909,"p280, Figure128, native group A12"
PD-A-E11,PD-001-A,A11,21,2,graphical_group_not_established_word,evans1909,"p280, Figure128, native group A11"
PD-A-E10,PD-001-A,A10,22,4,graphical_group_not_established_word,evans1909,"p280, Figure128, native group A10"
PD-A-E09,PD-001-A,A9,23,7,graphical_group_not_established_word,evans1909,"p280, Figure128, native group A9"
PD-A-E08,PD-001-A,A8,24,4,graphical_group_not_established_word,evans1909,"p280, Figure128, native group A8"
PD-A-E07,PD-001-A,A7,25,3,graphical_group_not_established_word,evans1909,"p280, Figure128, native group A7"
PD-A-E06,PD-001-A,A6,26,4,graphical_group_not_established_word,evans1909,"p280, Figure128, native group A6"
PD-A-E05,PD-001-A,A5,27,3,graphical_group_not_established_word,evans1909,"p280, Figure128, native group A5"
PD-A-E04,PD-001-A,A4,28,3,graphical_group_not_established_word,evans1909,"p280, Figure128, native group A4"
PD-A-E03,PD-001-A,A3,29,7,graphical_group_not_established_word,evans1909,"p280, Figure128, native group A3"
PD-A-E02,PD-001-A,A2,30,2,graphical_group_not_established_word,evans1909,"p280, Figure128, native group A2"
PD-A-E01,PD-001-A,A1,31,3,graphical_group_not_established_word,evans1909,"p280, Figure128, native group A1"
PD-B-E30,PD-001-B,B30,1,5,graphical_group_not_established_word,evans1909,"p282, Figure129, native group B30"
PD-B-E29,PD-001-B,B29,2,4,graphical_group_not_established_word,evans1909,"p282, Figure129, native group B29"
PD-B-E28,PD-001-B,B28,3,4,graphical_group_not_established_word,evans1909,"p282, Figure129, native group B28"
PD-B-E27,PD-001-B,B27,4,3,graphical_group_not_established_word,evans1909,"p282, Figure129, native group B27"
PD-B-E26,PD-001-B,B26,5,4,graphical_group_not_established_word,evans1909,"p282, Figure129, native group B26"
PD-B-E25,PD-001-B,B25,6,4,graphical_group_not_established_word,evans1909,"p282, Figure129, native group B25"
PD-B-E24,PD-001-B,B24,7,4,graphical_group_not_established_word,evans1909,"p282, Figure129, native group B24"
PD-B-E23,PD-001-B,B23,8,5,graphical_group_not_established_word,evans1909,"p282, Figure129, native group B23"
PD-B-E22,PD-001-B,B22,9,4,graphical_group_not_established_word,evans1909,"p282, Figure129, native group B22"
PD-B-E21,PD-001-B,B21,10,4,graphical_group_not_established_word,evans1909,"p282, Figure129, native group B21"
PD-B-E20,PD-001-B,B20,11,4,graphical_group_not_established_word,evans1909,"p282, Figure129, native group B20"
PD-B-E19,PD-001-B,B19,12,4,graphical_group_not_established_word,evans1909,"p282, Figure129, native group B19"
PD-B-E18,PD-001-B,B18,13,5,graphical_group_not_established_word,evans1909,"p282, Figure129, native group B18"
PD-B-E17,PD-001-B,B17,14,3,graphical_group_not_established_word,evans1909,"p282, Figure129, native group B17"
PD-B-E16,PD-001-B,B16,15,3,graphical_group_not_established_word,evans1909,"p282, Figure129, native group B16"
PD-B-E15,PD-001-B,B15,16,5,graphical_group_not_established_word,evans1909,"p282, Figure129, native group B15"
PD-B-E14,PD-001-B,B14,17,4,graphical_group_not_established_word,evans1909,"p282, Figure129, native group B14"
PD-B-E13,PD-001-B,B13,18,4,graphical_group_not_established_word,evans1909,"p282, Figure129, native group B13"
PD-B-E12,PD-001-B,B12,19,3,graphical_group_not_established_word,evans1909,"p282, Figure129, native group B12"
PD-B-E11,PD-001-B,B11,20,3,graphical_group_not_established_word,evans1909,"p282, Figure129, native group B11"
PD-B-E10,PD-001-B,B10,21,5,graphical_group_not_established_word,evans1909,"p282, Figure129, native group B10"
PD-B-E09,PD-001-B,B9,22,4,graphical_group_not_established_word,evans1909,"p282, Figure129, native group B9"
PD-B-E08,PD-001-B,B8,23,3,graphical_group_not_established_word,evans1909,"p282, Figure129, native group B8"
PD-B-E07,PD-001-B,B7,24,3,graphical_group_not_established_word,evans1909,"p282, Figure129, native group B7"
PD-B-E06,PD-001-B,B6,25,4,graphical_group_not_established_word,evans1909,"p282, Figure129, native group B6"
PD-B-E05,PD-001-B,B5,26,5,graphical_group_not_established_word,evans1909,"p282, Figure129, native group B5"
PD-B-E04,PD-001-B,B4,27,5,graphical_group_not_established_word,evans1909,"p282, Figure129, native group B4"
PD-B-E03,PD-001-B,B3,28,5,graphical_group_not_established_word,evans1909,"p282, Figure129, native group B3"
PD-B-E02,PD-001-B,B2,29,4,graphical_group_not_established_word,evans1909,"p282, Figure129, native group B2"
PD-B-E01,PD-001-B,B1,30,2,graphical_group_not_established_word,evans1909,"p282, Figure129, native group B1"
