occurrence_id,object_id,face_id,group_id,index,sign_id,uncertainty,source_id,source_locator,record_license,source_rights_profile
PD-A-E31-S01,PD-001,PD-001-A,PD-A-E31,1,PD-U101D1,not_stated,evans1909,"p280, Figure128, native group A31",MIT,evans1909-public-domain+Unicode-3.0
PD-A-E31-S02,PD-001,PD-001-A,PD-A-E31,2,PD-U101DB,not_stated,evans1909,"p280, Figure128, native group A31",MIT,evans1909-public-domain+Unicode-3.0
PD-A-E31-S03,PD-001,PD-001-A,PD-A-E31,3,PD-U101DC,not_stated,evans1909,"p280, Figure128, native group A31",MIT,evans1909-public-domain+Unicode-3.0
PD-A-E31-S04,PD-001,PD-001-A,PD-A-E31,4,PD-U101D0,not_stated,evans1909,"p280, Figure128, native group A31",MIT,evans1909-public-domain+Unicode-3.0
PD-A-E31-S05,PD-001,PD-001-A,PD-A-E31,5,PD-U101E1,not_stated,evans1909,"p280, Figure128, native group A31",MIT,evans1909-public-domain+Unicode-3.0
PD-A-E30-S01,PD-001,PD-001-A,PD-A-E30,1,PD-U101E7,not_stated,evans1909,"p280, Figure128, native group A30",MIT,evans1909-public-domain+Unicode-3.0
PD-A-E30-S02,PD-001,PD-001-A,PD-A-E30,2,PD-U101F7,not_stated,evans1909,"p280, Figure128, native group A30",MIT,evans1909-public-domain+Unicode-3.0
PD-A-E30-S03,PD-001,PD-001-A,PD-A-E30,3,PD-U101DB,not_stated,evans1909,"p280, Figure128, native group A30",MIT,evans1909-public-domain+Unicode-3.0
PD-A-E29-S01,PD-001,PD-001-A,PD-A-E29,1,PD-U101EC,not_stated,evans1909,"p280, Figure128, native group A29",MIT,evans1909-public-domain+Unicode-3.0
PD-A-E29-S02,PD-001,PD-001-A,PD-A-E29,2,PD-U101FC,not_stated,evans1909,"p280, Figure128, native group A29",MIT,evans1909-public-domain+Unicode-3.0
PD-A-E29-S03,PD-001,PD-001-A,PD-A-E29,3,PD-U101D6,not_stated,evans1909,"p280, Figure128, native group A29",MIT,evans1909-public-domain+Unicode-3.0
PD-A-E28-S01,PD-001,PD-001-A,PD-A-E28,1,PD-U101EC,not_stated,evans1909,"p280, Figure128, native group A28",MIT,evans1909-public-domain+Unicode-3.0
PD-A-E28-S02,PD-001,PD-001-A,PD-A-E28,2,PD-U101EC,not_stated,evans1909,"p280, Figure128, native group A28",MIT,evans1909-public-domain+Unicode-3.0
PD-A-E28-S03,PD-001,PD-001-A,PD-A-E28,3,PD-U101F1,not_stated,evans1909,"p280, Figure128, native group A28",MIT,evans1909-public-domain+Unicode-3.0
PD-A-E27-S01,PD-001,PD-001-A,PD-A-E27,1,PD-U101D1,not_stated,evans1909,"p280, Figure128, native group A27",MIT,evans1909-public-domain+Unicode-3.0
PD-A-E27-S02,PD-001,PD-001-A,PD-A-E27,2,PD-U101DB,not_stated,evans1909,"p280, Figure128, native group A27",MIT,evans1909-public-domain+Unicode-3.0
PD-A-E27-S03,PD-001,PD-001-A,PD-A-E27,3,PD-U101D3,not_stated,evans1909,"p280, Figure128, native group A27",MIT,evans1909-public-domain+Unicode-3.0
PD-A-E27-S04,PD-001,PD-001-A,PD-A-E27,4,PD-U101F7,not_stated,evans1909,"p280, Figure128, native group A27",MIT,evans1909-public-domain+Unicode-3.0
PD-A-E27-S05,PD-001,PD-001-A,PD-A-E27,5,PD-U101F0,not_stated,evans1909,"p280, Figure128, native group A27",MIT,evans1909-public-domain+Unicode-3.0
PD-A-E26-S01,PD-001,PD-001-A,PD-A-E26,1,PD-U101EA,not_stated,evans1909,"p280, Figure128, native group A26",MIT,evans1909-public-domain+Unicode-3.0
PD-A-E26-S02,PD-001,PD-001-A,PD-A-E26,2,PD-U101FC,not_stated,evans1909,"p280, Figure128, native group A26",MIT,evans1909-public-domain+Unicode-3.0
PD-A-E26-S03,PD-001,PD-001-A,PD-A-E26,3,PD-U101D6,not_stated,evans1909,"p280, Figure128, native group A26",MIT,evans1909-public-domain+Unicode-3.0
PD-A-E26-S04,PD-001,PD-001-A,PD-A-E26,4,PD-U101DB,not_stated,evans1909,"p280, Figure128, native group A26",MIT,evans1909-public-domain+Unicode-3.0
PD-A-E25-S01,PD-001,PD-001-A,PD-A-E25,1,PD-U101EA,not_stated,evans1909,"p280, Figure128, native group A25",MIT,evans1909-public-domain+Unicode-3.0
PD-A-E25-S02,PD-001,PD-001-A,PD-A-E25,2,PD-U101FB,not_stated,evans1909,"p280, Figure128, native group A25",MIT,evans1909-public-domain+Unicode-3.0
PD-A-E25-S03,PD-001,PD-001-A,PD-A-E25,3,PD-U101D7,not_stated,evans1909,"p280, Figure128, native group A25",MIT,evans1909-public-domain+Unicode-3.0
PD-A-E24-S01,PD-001,PD-001-A,PD-A-E24,1,PD-U101D1,not_stated,evans1909,"p280, Figure128, native group A24",MIT,evans1909-public-domain+Unicode-3.0
PD-A-E24-S02,PD-001,PD-001-A,PD-A-E24,2,PD-U101DB,not_stated,evans1909,"p280, Figure128, native group A24",MIT,evans1909-public-domain+Unicode-3.0
PD-A-E24-S03,PD-001,PD-001-A,PD-A-E24,3,PD-U101D5,not_stated,evans1909,"p280, Figure128, native group A24",MIT,evans1909-public-domain+Unicode-3.0
PD-A-E24-S04,PD-001,PD-001-A,PD-A-E24,4,PD-U101E1,not_stated,evans1909,"p280, Figure128, native group A24",MIT,evans1909-public-domain+Unicode-3.0
PD-A-E24-S05,PD-001,PD-001-A,PD-A-E24,5,,unknown,evans1909,"p280, Figure128, native group A24",MIT,evans1909-public-domain+Unicode-3.0
PD-A-E23-S01,PD-001,PD-001-A,PD-A-E23,1,PD-U101EE,not_stated,evans1909,"p280, Figure128, native group A23",MIT,evans1909-public-domain+Unicode-3.0
PD-A-E23-S02,PD-001,PD-001-A,PD-A-E23,2,PD-U101E9,not_stated,evans1909,"p280, Figure128, native group A23",MIT,evans1909-public-domain+Unicode-3.0
PD-A-E23-S03,PD-001,PD-001-A,PD-A-E23,3,PD-U101F2,not_stated,evans1909,"p280, Figure128, native group A23",MIT,evans1909-public-domain+Unicode-3.0
PD-A-E22-S01,PD-001,PD-001-A,PD-A-E22,1,PD-U101D1,not_stated,evans1909,"p280, Figure128, native group A22",MIT,evans1909-public-domain+Unicode-3.0
PD-A-E22-S02,PD-001,PD-001-A,PD-A-E22,2,PD-U101DB,not_stated,evans1909,"p280, Figure128, native group A22",MIT,evans1909-public-domain+Unicode-3.0
PD-A-E22-S03,PD-001,PD-001-A,PD-A-E22,3,PD-U101F8,not_stated,evans1909,"p280, Figure128, native group A22",MIT,evans1909-public-domain+Unicode-3.0
PD-A-E22-S04,PD-001,PD-001-A,PD-A-E22,4,PD-U101E2,not_stated,evans1909,"p280, Figure128, native group A22",MIT,evans1909-public-domain+Unicode-3.0
PD-A-E22-S05,PD-001,PD-001-A,PD-A-E22,5,PD-U101F2,not_stated,evans1909,"p280, Figure128, native group A22",MIT,evans1909-public-domain+Unicode-3.0
PD-A-E21-S01,PD-001,PD-001-A,PD-A-E21,1,PD-U101D0,not_stated,evans1909,"p280, Figure128, native group A21",MIT,evans1909-public-domain+Unicode-3.0
PD-A-E21-S02,PD-001,PD-001-A,PD-A-E21,2,PD-U101F8,not_stated,evans1909,"p280, Figure128, native group A21",MIT,evans1909-public-domain+Unicode-3.0
PD-A-E21-S03,PD-001,PD-001-A,PD-A-E21,3,PD-U101F7,not_stated,evans1909,"p280, Figure128, native group A21",MIT,evans1909-public-domain+Unicode-3.0
PD-A-E21-S04,PD-001,PD-001-A,PD-A-E21,4,PD-U101D6,not_stated,evans1909,"p280, Figure128, native group A21",MIT,evans1909-public-domain+Unicode-3.0
PD-A-E20-S01,PD-001,PD-001-A,PD-A-E20,1,PD-U101D1,not_stated,evans1909,"p280, Figure128, native group A20",MIT,evans1909-public-domain+Unicode-3.0
PD-A-E20-S02,PD-001,PD-001-A,PD-A-E20,2,PD-U101DB,not_stated,evans1909,"p280, Figure128, native group A20",MIT,evans1909-public-domain+Unicode-3.0
PD-A-E20-S03,PD-001,PD-001-A,PD-A-E20,3,PD-U101EF,not_stated,evans1909,"p280, Figure128, native group A20",MIT,evans1909-public-domain+Unicode-3.0
PD-A-E20-S04,PD-001,PD-001-A,PD-A-E20,4,PD-U101E6,not_stated,evans1909,"p280, Figure128, native group A20",MIT,evans1909-public-domain+Unicode-3.0
PD-A-E20-S05,PD-001,PD-001-A,PD-A-E20,5,PD-U101F5,not_stated,evans1909,"p280, Figure128, native group A20",MIT,evans1909-public-domain+Unicode-3.0
PD-A-E19-S01,PD-001,PD-001-A,PD-A-E19,1,PD-U101F6,not_stated,evans1909,"p280, Figure128, native group A19",MIT,evans1909-public-domain+Unicode-3.0
PD-A-E19-S02,PD-001,PD-001-A,PD-A-E19,2,PD-U101DA,not_stated,evans1909,"p280, Figure128, native group A19",MIT,evans1909-public-domain+Unicode-3.0
PD-A-E18-S01,PD-001,PD-001-A,PD-A-E18,1,PD-U101D1,not_stated,evans1909,"p280, Figure128, native group A18",MIT,evans1909-public-domain+Unicode-3.0
PD-A-E18-S02,PD-001,PD-001-A,PD-A-E18,2,PD-U101EA,not_stated,evans1909,"p280, Figure128, native group A18",MIT,evans1909-public-domain+Unicode-3.0
PD-A-E18-S03,PD-001,PD-001-A,PD-A-E18,3,PD-U101E8,not_stated,evans1909,"p280, Figure128, native group A18",MIT,evans1909-public-domain+Unicode-3.0
PD-A-E18-S04,PD-001,PD-001-A,PD-A-E18,4,PD-U101D9,not_stated,evans1909,"p280, Figure128, native group A18",MIT,evans1909-public-domain+Unicode-3.0
PD-A-E18-S05,PD-001,PD-001-A,PD-A-E18,5,PD-U101E6,not_stated,evans1909,"p280, Figure128, native group A18",MIT,evans1909-public-domain+Unicode-3.0
PD-A-E18-S06,PD-001,PD-001-A,PD-A-E18,6,PD-U101E1,not_stated,evans1909,"p280, Figure128, native group A18",MIT,evans1909-public-domain+Unicode-3.0
PD-A-E17-S01,PD-001,PD-001-A,PD-A-E17,1,PD-U101EB,not_stated,evans1909,"p280, Figure128, native group A17",MIT,evans1909-public-domain+Unicode-3.0
PD-A-E17-S02,PD-001,PD-001-A,PD-A-E17,2,PD-U101D0,not_stated,evans1909,"p280, Figure128, native group A17",MIT,evans1909-public-domain+Unicode-3.0
PD-A-E16-S01,PD-001,PD-001-A,PD-A-E16,1,PD-U101D1,not_stated,evans1909,"p280, Figure128, native group A16",MIT,evans1909-public-domain+Unicode-3.0
PD-A-E16-S02,PD-001,PD-001-A,PD-A-E16,2,PD-U101DB,not_stated,evans1909,"p280, Figure128, native group A16",MIT,evans1909-public-domain+Unicode-3.0
PD-A-E16-S03,PD-001,PD-001-A,PD-A-E16,3,PD-U101EE,not_stated,evans1909,"p280, Figure128, native group A16",MIT,evans1909-public-domain+Unicode-3.0
PD-A-E16-S04,PD-001,PD-001-A,PD-A-E16,4,PD-U101E9,not_stated,evans1909,"p280, Figure128, native group A16",MIT,evans1909-public-domain+Unicode-3.0
PD-A-E15-S01,PD-001,PD-001-A,PD-A-E15,1,PD-U101D1,not_stated,evans1909,"p280, Figure128, native group A15",MIT,evans1909-public-domain+Unicode-3.0
PD-A-E15-S02,PD-001,PD-001-A,PD-A-E15,2,PD-U101DB,not_stated,evans1909,"p280, Figure128, native group A15",MIT,evans1909-public-domain+Unicode-3.0
PD-A-E15-S03,PD-001,PD-001-A,PD-A-E15,3,PD-U101EA,not_stated,evans1909,"p280, Figure128, native group A15",MIT,evans1909-public-domain+Unicode-3.0
PD-A-E15-S04,PD-001,PD-001-A,PD-A-E15,4,PD-U101EA,not_stated,evans1909,"p280, Figure128, native group A15",MIT,evans1909-public-domain+Unicode-3.0
PD-A-E15-S05,PD-001,PD-001-A,PD-A-E15,5,PD-U101F2,not_stated,evans1909,"p280, Figure128, native group A15",MIT,evans1909-public-domain+Unicode-3.0
PD-A-E15-S06,PD-001,PD-001-A,PD-A-E15,6,PD-U101F4,not_stated,evans1909,"p280, Figure128, native group A15",MIT,evans1909-public-domain+Unicode-3.0
PD-A-E15-S07,PD-001,PD-001-A,PD-A-E15,7,PD-U101E4,not_stated,evans1909,"p280, Figure128, native group A15",MIT,evans1909-public-domain+Unicode-3.0
PD-A-E14-S01,PD-001,PD-001-A,PD-A-E14,1,PD-U101F0,not_stated,evans1909,"p280, Figure128, native group A14",MIT,evans1909-public-domain+Unicode-3.0
PD-A-E14-S02,PD-001,PD-001-A,PD-A-E14,2,PD-U101E6,not_stated,evans1909,"p280, Figure128, native group A14",MIT,evans1909-public-domain+Unicode-3.0
PD-A-E13-S01,PD-001,PD-001-A,PD-A-E13,1,PD-U101D1,not_stated,evans1909,"p280, Figure128, native group A13",MIT,evans1909-public-domain+Unicode-3.0
PD-A-E13-S02,PD-001,PD-001-A,PD-A-E13,2,PD-U101DB,not_stated,evans1909,"p280, Figure128, native group A13",MIT,evans1909-public-domain+Unicode-3.0
PD-A-E13-S03,PD-001,PD-001-A,PD-A-E13,3,PD-U101EE,not_stated,evans1909,"p280, Figure128, native group A13",MIT,evans1909-public-domain+Unicode-3.0
PD-A-E13-S04,PD-001,PD-001-A,PD-A-E13,4,PD-U101E9,not_stated,evans1909,"p280, Figure128, native group A13",MIT,evans1909-public-domain+Unicode-3.0
PD-A-E12-S01,PD-001,PD-001-A,PD-A-E12,1,PD-U101D1,not_stated,evans1909,"p280, Figure128, native group A12",MIT,evans1909-public-domain+Unicode-3.0
PD-A-E12-S02,PD-001,PD-001-A,PD-A-E12,2,PD-U101EA,not_stated,evans1909,"p280, Figure128, native group A12",MIT,evans1909-public-domain+Unicode-3.0
PD-A-E12-S03,PD-001,PD-001-A,PD-A-E12,3,PD-U101E8,not_stated,evans1909,"p280, Figure128, native group A12",MIT,evans1909-public-domain+Unicode-3.0
PD-A-E12-S04,PD-001,PD-001-A,PD-A-E12,4,PD-U101D9,not_stated,evans1909,"p280, Figure128, native group A12",MIT,evans1909-public-domain+Unicode-3.0
PD-A-E12-S05,PD-001,PD-001-A,PD-A-E12,5,PD-U101E6,not_stated,evans1909,"p280, Figure128, native group A12",MIT,evans1909-public-domain+Unicode-3.0
PD-A-E12-S06,PD-001,PD-001-A,PD-A-E12,6,PD-U101E1,not_stated,evans1909,"p280, Figure128, native group A12",MIT,evans1909-public-domain+Unicode-3.0
PD-A-E11-S01,PD-001,PD-001-A,PD-A-E11,1,PD-U101EB,not_stated,evans1909,"p280, Figure128, native group A11",MIT,evans1909-public-domain+Unicode-3.0
PD-A-E11-S02,PD-001,PD-001-A,PD-A-E11,2,PD-U101D0,not_stated,evans1909,"p280, Figure128, native group A11",MIT,evans1909-public-domain+Unicode-3.0
PD-A-E10-S01,PD-001,PD-001-A,PD-A-E10,1,PD-U101D1,not_stated,evans1909,"p280, Figure128, native group A10",MIT,evans1909-public-domain+Unicode-3.0
PD-A-E10-S02,PD-001,PD-001-A,PD-A-E10,2,PD-U101DB,not_stated,evans1909,"p280, Figure128, native group A10",MIT,evans1909-public-domain+Unicode-3.0
PD-A-E10-S03,PD-001,PD-001-A,PD-A-E10,3,PD-U101EE,not_stated,evans1909,"p280, Figure128, native group A10",MIT,evans1909-public-domain+Unicode-3.0
PD-A-E10-S04,PD-001,PD-001-A,PD-A-E10,4,PD-U101E9,not_stated,evans1909,"p280, Figure128, native group A10",MIT,evans1909-public-domain+Unicode-3.0
PD-A-E09-S01,PD-001,PD-001-A,PD-A-E09,1,PD-U101D1,not_stated,evans1909,"p280, Figure128, native group A9",MIT,evans1909-public-domain+Unicode-3.0
PD-A-E09-S02,PD-001,PD-001-A,PD-A-E09,2,PD-U101DB,not_stated,evans1909,"p280, Figure128, native group A9",MIT,evans1909-public-domain+Unicode-3.0
PD-A-E09-S03,PD-001,PD-001-A,PD-A-E09,3,PD-U101EA,not_stated,evans1909,"p280, Figure128, native group A9",MIT,evans1909-public-domain+Unicode-3.0
PD-A-E09-S04,PD-001,PD-001-A,PD-A-E09,4,PD-U101DD,not_stated,evans1909,"p280, Figure128, native group A9",MIT,evans1909-public-domain+Unicode-3.0
PD-A-E09-S05,PD-001,PD-001-A,PD-A-E09,5,PD-U101EF,not_stated,evans1909,"p280, Figure128, native group A9",MIT,evans1909-public-domain+Unicode-3.0
PD-A-E09-S06,PD-001,PD-001-A,PD-A-E09,6,PD-U101E1,not_stated,evans1909,"p280, Figure128, native group A9",MIT,evans1909-public-domain+Unicode-3.0
PD-A-E09-S07,PD-001,PD-001-A,PD-A-E09,7,PD-U101EA,not_stated,evans1909,"p280, Figure128, native group A9",MIT,evans1909-public-domain+Unicode-3.0
PD-A-E08-S01,PD-001,PD-001-A,PD-A-E08,1,PD-U101D5,not_stated,evans1909,"p280, Figure128, native group A8",MIT,evans1909-public-domain+Unicode-3.0
PD-A-E08-S02,PD-001,PD-001-A,PD-A-E08,2,PD-U101E1,not_stated,evans1909,"p280, Figure128, native group A8",MIT,evans1909-public-domain+Unicode-3.0
PD-A-E08-S03,PD-001,PD-001-A,PD-A-E08,3,PD-U101E0,not_stated,evans1909,"p280, Figure128, native group A8",MIT,evans1909-public-domain+Unicode-3.0
PD-A-E08-S04,PD-001,PD-001-A,PD-A-E08,4,PD-U101E2,not_stated,evans1909,"p280, Figure128, native group A8",MIT,evans1909-public-domain+Unicode-3.0
PD-A-E07-S01,PD-001,PD-001-A,PD-A-E07,1,PD-U101EE,not_stated,evans1909,"p280, Figure128, native group A7",MIT,evans1909-public-domain+Unicode-3.0
PD-A-E07-S02,PD-001,PD-001-A,PD-A-E07,2,PD-U101E9,not_stated,evans1909,"p280, Figure128, native group A7",MIT,evans1909-public-domain+Unicode-3.0
PD-A-E07-S03,PD-001,PD-001-A,PD-A-E07,3,PD-U101DB,not_stated,evans1909,"p280, Figure128, native group A7",MIT,evans1909-public-domain+Unicode-3.0
PD-A-E06-S01,PD-001,PD-001-A,PD-A-E06,1,PD-U101D1,not_stated,evans1909,"p280, Figure128, native group A6",MIT,evans1909-public-domain+Unicode-3.0
PD-A-E06-S02,PD-001,PD-001-A,PD-A-E06,2,PD-U101DB,not_stated,evans1909,"p280, Figure128, native group A6",MIT,evans1909-public-domain+Unicode-3.0
PD-A-E06-S03,PD-001,PD-001-A,PD-A-E06,3,PD-U101DC,not_stated,evans1909,"p280, Figure128, native group A6",MIT,evans1909-public-domain+Unicode-3.0
PD-A-E06-S04,PD-001,PD-001-A,PD-A-E06,4,PD-U101D0,not_stated,evans1909,"p280, Figure128, native group A6",MIT,evans1909-public-domain+Unicode-3.0
PD-A-E05-S01,PD-001,PD-001-A,PD-A-E05,1,PD-U101E6,not_stated,evans1909,"p280, Figure128, native group A5",MIT,evans1909-public-domain+Unicode-3.0
PD-A-E05-S02,PD-001,PD-001-A,PD-A-E05,2,PD-U101E2,not_stated,evans1909,"p280, Figure128, native group A5",MIT,evans1909-public-domain+Unicode-3.0
PD-A-E05-S03,PD-001,PD-001-A,PD-A-E05,3,PD-U101F2,not_stated,evans1909,"p280, Figure128, native group A5",MIT,evans1909-public-domain+Unicode-3.0
PD-A-E04-S01,PD-001,PD-001-A,PD-A-E04,1,PD-U101D9,not_stated,evans1909,"p280, Figure128, native group A4",MIT,evans1909-public-domain+Unicode-3.0
PD-A-E04-S02,PD-001,PD-001-A,PD-A-E04,2,PD-U101D2,not_stated,evans1909,"p280, Figure128, native group A4",MIT,evans1909-public-domain+Unicode-3.0
PD-A-E04-S03,PD-001,PD-001-A,PD-A-E04,3,PD-U101F5,not_stated,evans1909,"p280, Figure128, native group A4",MIT,evans1909-public-domain+Unicode-3.0
PD-A-E03-S01,PD-001,PD-001-A,PD-A-E03,1,PD-U101D1,not_stated,evans1909,"p280, Figure128, native group A3",MIT,evans1909-public-domain+Unicode-3.0
PD-A-E03-S02,PD-001,PD-001-A,PD-A-E03,2,PD-U101DB,not_stated,evans1909,"p280, Figure128, native group A3",MIT,evans1909-public-domain+Unicode-3.0
PD-A-E03-S03,PD-001,PD-001-A,PD-A-E03,3,PD-U101EA,not_stated,evans1909,"p280, Figure128, native group A3",MIT,evans1909-public-domain+Unicode-3.0
PD-A-E03-S04,PD-001,PD-001-A,PD-A-E03,4,PD-U101EA,not_stated,evans1909,"p280, Figure128, native group A3",MIT,evans1909-public-domain+Unicode-3.0
PD-A-E03-S05,PD-001,PD-001-A,PD-A-E03,5,PD-U101F2,not_stated,evans1909,"p280, Figure128, native group A3",MIT,evans1909-public-domain+Unicode-3.0
PD-A-E03-S06,PD-001,PD-001-A,PD-A-E03,6,PD-U101F4,not_stated,evans1909,"p280, Figure128, native group A3",MIT,evans1909-public-domain+Unicode-3.0
PD-A-E03-S07,PD-001,PD-001-A,PD-A-E03,7,PD-U101E4,not_stated,evans1909,"p280, Figure128, native group A3",MIT,evans1909-public-domain+Unicode-3.0
PD-A-E02-S01,PD-001,PD-001-A,PD-A-E02,1,PD-U101DC,not_stated,evans1909,"p280, Figure128, native group A2",MIT,evans1909-public-domain+Unicode-3.0
PD-A-E02-S02,PD-001,PD-001-A,PD-A-E02,2,PD-U101D0,not_stated,evans1909,"p280, Figure128, native group A2",MIT,evans1909-public-domain+Unicode-3.0
PD-A-E01-S01,PD-001,PD-001-A,PD-A-E01,1,PD-U101D9,not_stated,evans1909,"p280, Figure128, native group A1",MIT,evans1909-public-domain+Unicode-3.0
PD-A-E01-S02,PD-001,PD-001-A,PD-A-E01,2,PD-U101D2,not_stated,evans1909,"p280, Figure128, native group A1",MIT,evans1909-public-domain+Unicode-3.0
PD-A-E01-S03,PD-001,PD-001-A,PD-A-E01,3,PD-U101F5,not_stated,evans1909,"p280, Figure128, native group A1",MIT,evans1909-public-domain+Unicode-3.0
PD-B-E30-S01,PD-001,PD-001-B,PD-B-E30,1,PD-U101D1,not_stated,evans1909,"p282, Figure129, native group B30",MIT,evans1909-public-domain+Unicode-3.0
PD-B-E30-S02,PD-001,PD-001-B,PD-B-E30,2,PD-U101DB,not_stated,evans1909,"p282, Figure129, native group B30",MIT,evans1909-public-domain+Unicode-3.0
PD-B-E30-S03,PD-001,PD-001-B,PD-B-E30,3,PD-U101E5,not_stated,evans1909,"p282, Figure129, native group B30",MIT,evans1909-public-domain+Unicode-3.0
PD-B-E30-S04,PD-001,PD-001-B,PD-B-E30,4,PD-U101F7,not_stated,evans1909,"p282, Figure129, native group B30",MIT,evans1909-public-domain+Unicode-3.0
PD-B-E30-S05,PD-001,PD-001-B,PD-B-E30,5,PD-U101D6,not_stated,evans1909,"p282, Figure129, native group B30",MIT,evans1909-public-domain+Unicode-3.0
PD-B-E29-S01,PD-001,PD-001-B,PD-B-E29,1,PD-U101EA,not_stated,evans1909,"p282, Figure129, native group B29",MIT,evans1909-public-domain+Unicode-3.0
PD-B-E29-S02,PD-001,PD-001-B,PD-B-E29,2,PD-U101FC,not_stated,evans1909,"p282, Figure129, native group B29",MIT,evans1909-public-domain+Unicode-3.0
PD-B-E29-S03,PD-001,PD-001-B,PD-B-E29,3,PD-U101D6,not_stated,evans1909,"p282, Figure129, native group B29",MIT,evans1909-public-domain+Unicode-3.0
PD-B-E29-S04,PD-001,PD-001-B,PD-B-E29,4,PD-U101F2,not_stated,evans1909,"p282, Figure129, native group B29",MIT,evans1909-public-domain+Unicode-3.0
PD-B-E28-S01,PD-001,PD-001-B,PD-B-E28,1,PD-U101D1,not_stated,evans1909,"p282, Figure129, native group B28",MIT,evans1909-public-domain+Unicode-3.0
PD-B-E28-S02,PD-001,PD-001-B,PD-B-E28,2,PD-U101F4,not_stated,evans1909,"p282, Figure129, native group B28",MIT,evans1909-public-domain+Unicode-3.0
PD-B-E28-S03,PD-001,PD-001-B,PD-B-E28,3,PD-U101E6,not_stated,evans1909,"p282, Figure129, native group B28",MIT,evans1909-public-domain+Unicode-3.0
PD-B-E28-S04,PD-001,PD-001-B,PD-B-E28,4,PD-U101D4,not_stated,evans1909,"p282, Figure129, native group B28",MIT,evans1909-public-domain+Unicode-3.0
PD-B-E27-S01,PD-001,PD-001-B,PD-B-E27,1,PD-U101E5,not_stated,evans1909,"p282, Figure129, native group B27",MIT,evans1909-public-domain+Unicode-3.0
PD-B-E27-S02,PD-001,PD-001-B,PD-B-E27,2,PD-U101E8,not_stated,evans1909,"p282, Figure129, native group B27",MIT,evans1909-public-domain+Unicode-3.0
PD-B-E27-S03,PD-001,PD-001-B,PD-B-E27,3,PD-U101EA,not_stated,evans1909,"p282, Figure129, native group B27",MIT,evans1909-public-domain+Unicode-3.0
PD-B-E26-S01,PD-001,PD-001-B,PD-B-E26,1,PD-U101F0,not_stated,evans1909,"p282, Figure129, native group B26",MIT,evans1909-public-domain+Unicode-3.0
PD-B-E26-S02,PD-001,PD-001-B,PD-B-E26,2,PD-U101E7,not_stated,evans1909,"p282, Figure129, native group B26",MIT,evans1909-public-domain+Unicode-3.0
PD-B-E26-S03,PD-001,PD-001-B,PD-B-E26,3,PD-U101E3,not_stated,evans1909,"p282, Figure129, native group B26",MIT,evans1909-public-domain+Unicode-3.0
PD-B-E26-S04,PD-001,PD-001-B,PD-B-E26,4,PD-U101DB,not_stated,evans1909,"p282, Figure129, native group B26",MIT,evans1909-public-domain+Unicode-3.0
PD-B-E25-S01,PD-001,PD-001-B,PD-B-E25,1,PD-U101DF,not_stated,evans1909,"p282, Figure129, native group B25",MIT,evans1909-public-domain+Unicode-3.0
PD-B-E25-S02,PD-001,PD-001-B,PD-B-E25,2,PD-U101E6,not_stated,evans1909,"p282, Figure129, native group B25",MIT,evans1909-public-domain+Unicode-3.0
PD-B-E25-S03,PD-001,PD-001-B,PD-B-E25,3,PD-U101E1,not_stated,evans1909,"p282, Figure129, native group B25",MIT,evans1909-public-domain+Unicode-3.0
PD-B-E25-S04,PD-001,PD-001-B,PD-B-E25,4,PD-U101FA,not_stated,evans1909,"p282, Figure129, native group B25",MIT,evans1909-public-domain+Unicode-3.0
PD-B-E24-S01,PD-001,PD-001-B,PD-B-E24,1,PD-U101DC,not_stated,evans1909,"p282, Figure129, native group B24",MIT,evans1909-public-domain+Unicode-3.0
PD-B-E24-S02,PD-001,PD-001-B,PD-B-E24,2,PD-U101D0,not_stated,evans1909,"p282, Figure129, native group B24",MIT,evans1909-public-domain+Unicode-3.0
PD-B-E24-S03,PD-001,PD-001-B,PD-B-E24,3,PD-U101F6,not_stated,evans1909,"p282, Figure129, native group B24",MIT,evans1909-public-domain+Unicode-3.0
PD-B-E24-S04,PD-001,PD-001-B,PD-B-E24,4,PD-U101F0,not_stated,evans1909,"p282, Figure129, native group B24",MIT,evans1909-public-domain+Unicode-3.0
PD-B-E23-S01,PD-001,PD-001-B,PD-B-E23,1,PD-U101DE,not_stated,evans1909,"p282, Figure129, native group B23",MIT,evans1909-public-domain+Unicode-3.0
PD-B-E23-S02,PD-001,PD-001-B,PD-B-E23,2,PD-U101D6,not_stated,evans1909,"p282, Figure129, native group B23",MIT,evans1909-public-domain+Unicode-3.0
PD-B-E23-S03,PD-001,PD-001-B,PD-B-E23,3,PD-U101DC,not_stated,evans1909,"p282, Figure129, native group B23",MIT,evans1909-public-domain+Unicode-3.0
PD-B-E23-S04,PD-001,PD-001-B,PD-B-E23,4,PD-U101D0,not_stated,evans1909,"p282, Figure129, native group B23",MIT,evans1909-public-domain+Unicode-3.0
PD-B-E23-S05,PD-001,PD-001-B,PD-B-E23,5,PD-U101E1,not_stated,evans1909,"p282, Figure129, native group B23",MIT,evans1909-public-domain+Unicode-3.0
PD-B-E22-S01,PD-001,PD-001-B,PD-B-E22,1,PD-U101E5,not_stated,evans1909,"p282, Figure129, native group B22",MIT,evans1909-public-domain+Unicode-3.0
PD-B-E22-S02,PD-001,PD-001-B,PD-B-E22,2,PD-U101F4,not_stated,evans1909,"p282, Figure129, native group B22",MIT,evans1909-public-domain+Unicode-3.0
PD-B-E22-S03,PD-001,PD-001-B,PD-B-E22,3,PD-U101F9,not_stated,evans1909,"p282, Figure129, native group B22",MIT,evans1909-public-domain+Unicode-3.0
PD-B-E22-S04,PD-001,PD-001-B,PD-B-E22,4,PD-U101E8,not_stated,evans1909,"p282, Figure129, native group B22",MIT,evans1909-public-domain+Unicode-3.0
PD-B-E21-S01,PD-001,PD-001-B,PD-B-E21,1,PD-U101D6,not_stated,evans1909,"p282, Figure129, native group B21",MIT,evans1909-public-domain+Unicode-3.0
PD-B-E21-S02,PD-001,PD-001-B,PD-B-E21,2,PD-U101E7,not_stated,evans1909,"p282, Figure129, native group B21",MIT,evans1909-public-domain+Unicode-3.0
PD-B-E21-S03,PD-001,PD-001-B,PD-B-E21,3,PD-U101F7,not_stated,evans1909,"p282, Figure129, native group B21",MIT,evans1909-public-domain+Unicode-3.0
PD-B-E21-S04,PD-001,PD-001-B,PD-B-E21,4,PD-U101F2,not_stated,evans1909,"p282, Figure129, native group B21",MIT,evans1909-public-domain+Unicode-3.0
PD-B-E20-S01,PD-001,PD-001-B,PD-B-E20,1,PD-U101D1,not_stated,evans1909,"p282, Figure129, native group B20",MIT,evans1909-public-domain+Unicode-3.0
PD-B-E20-S02,PD-001,PD-001-B,PD-B-E20,2,PD-U101E9,not_stated,evans1909,"p282, Figure129, native group B20",MIT,evans1909-public-domain+Unicode-3.0
PD-B-E20-S03,PD-001,PD-001-B,PD-B-E20,3,PD-U101F3,not_stated,evans1909,"p282, Figure129, native group B20",MIT,evans1909-public-domain+Unicode-3.0
PD-B-E20-S04,PD-001,PD-001-B,PD-B-E20,4,PD-U101F7,not_stated,evans1909,"p282, Figure129, native group B20",MIT,evans1909-public-domain+Unicode-3.0
PD-B-E19-S01,PD-001,PD-001-B,PD-B-E19,1,PD-U101EA,not_stated,evans1909,"p282, Figure129, native group B19",MIT,evans1909-public-domain+Unicode-3.0
PD-B-E19-S02,PD-001,PD-001-B,PD-B-E19,2,PD-U101E8,not_stated,evans1909,"p282, Figure129, native group B19",MIT,evans1909-public-domain+Unicode-3.0
PD-B-E19-S03,PD-001,PD-001-B,PD-B-E19,3,PD-U101F5,not_stated,evans1909,"p282, Figure129, native group B19",MIT,evans1909-public-domain+Unicode-3.0
PD-B-E19-S04,PD-001,PD-001-B,PD-B-E19,4,PD-U101D0,not_stated,evans1909,"p282, Figure129, native group B19",MIT,evans1909-public-domain+Unicode-3.0
PD-B-E18-S01,PD-001,PD-001-B,PD-B-E18,1,PD-U101EC,not_stated,evans1909,"p282, Figure129, native group B18",MIT,evans1909-public-domain+Unicode-3.0
PD-B-E18-S02,PD-001,PD-001-B,PD-B-E18,2,PD-U101E7,not_stated,evans1909,"p282, Figure129, native group B18",MIT,evans1909-public-domain+Unicode-3.0
PD-B-E18-S03,PD-001,PD-001-B,PD-B-E18,3,PD-U101E7,not_stated,evans1909,"p282, Figure129, native group B18",MIT,evans1909-public-domain+Unicode-3.0
PD-B-E18-S04,PD-001,PD-001-B,PD-B-E18,4,PD-U101E3,not_stated,evans1909,"p282, Figure129, native group B18",MIT,evans1909-public-domain+Unicode-3.0
PD-B-E18-S05,PD-001,PD-001-B,PD-B-E18,5,PD-U101F2,not_stated,evans1909,"p282, Figure129, native group B18",MIT,evans1909-public-domain+Unicode-3.0
PD-B-E17-S01,PD-001,PD-001-B,PD-B-E17,1,PD-U101DF,not_stated,evans1909,"p282, Figure129, native group B17",MIT,evans1909-public-domain+Unicode-3.0
PD-B-E17-S02,PD-001,PD-001-B,PD-B-E17,2,PD-U101DD,not_stated,evans1909,"p282, Figure129, native group B17",MIT,evans1909-public-domain+Unicode-3.0
PD-B-E17-S03,PD-001,PD-001-B,PD-B-E17,3,PD-U101E1,not_stated,evans1909,"p282, Figure129, native group B17",MIT,evans1909-public-domain+Unicode-3.0
PD-B-E16-S01,PD-001,PD-001-B,PD-B-E16,1,PD-U101EC,not_stated,evans1909,"p282, Figure129, native group B16",MIT,evans1909-public-domain+Unicode-3.0
PD-B-E16-S02,PD-001,PD-001-B,PD-B-E16,2,PD-U101F0,not_stated,evans1909,"p282, Figure129, native group B16",MIT,evans1909-public-domain+Unicode-3.0
PD-B-E16-S03,PD-001,PD-001-B,PD-B-E16,3,PD-U101D0,not_stated,evans1909,"p282, Figure129, native group B16",MIT,evans1909-public-domain+Unicode-3.0
PD-B-E15-S01,PD-001,PD-001-B,PD-B-E15,1,PD-U101D5,not_stated,evans1909,"p282, Figure129, native group B15",MIT,evans1909-public-domain+Unicode-3.0
PD-B-E15-S02,PD-001,PD-001-B,PD-B-E15,2,PD-U101F2,not_stated,evans1909,"p282, Figure129, native group B15",MIT,evans1909-public-domain+Unicode-3.0
PD-B-E15-S03,PD-001,PD-001-B,PD-B-E15,3,PD-U101EF,not_stated,evans1909,"p282, Figure129, native group B15",MIT,evans1909-public-domain+Unicode-3.0
PD-B-E15-S04,PD-001,PD-001-B,PD-B-E15,4,PD-U101F6,not_stated,evans1909,"p282, Figure129, native group B15",MIT,evans1909-public-domain+Unicode-3.0
PD-B-E15-S05,PD-001,PD-001-B,PD-B-E15,5,PD-U101F0,not_stated,evans1909,"p282, Figure129, native group B15",MIT,evans1909-public-domain+Unicode-3.0
PD-B-E14-S01,PD-001,PD-001-B,PD-B-E14,1,PD-U101D1,not_stated,evans1909,"p282, Figure129, native group B14",MIT,evans1909-public-domain+Unicode-3.0
PD-B-E14-S02,PD-001,PD-001-B,PD-B-E14,2,PD-U101D8,not_stated,evans1909,"p282, Figure129, native group B14",MIT,evans1909-public-domain+Unicode-3.0
PD-B-E14-S03,PD-001,PD-001-B,PD-B-E14,3,PD-U101EA,not_stated,evans1909,"p282, Figure129, native group B14",MIT,evans1909-public-domain+Unicode-3.0
PD-B-E14-S04,PD-001,PD-001-B,PD-B-E14,4,PD-U101D0,not_stated,evans1909,"p282, Figure129, native group B14",MIT,evans1909-public-domain+Unicode-3.0
PD-B-E13-S01,PD-001,PD-001-B,PD-B-E13,1,PD-U101EC,not_stated,evans1909,"p282, Figure129, native group B13",MIT,evans1909-public-domain+Unicode-3.0
PD-B-E13-S02,PD-001,PD-001-B,PD-B-E13,2,PD-U101F3,not_stated,evans1909,"p282, Figure129, native group B13",MIT,evans1909-public-domain+Unicode-3.0
PD-B-E13-S03,PD-001,PD-001-B,PD-B-E13,3,PD-U101D6,not_stated,evans1909,"p282, Figure129, native group B13",MIT,evans1909-public-domain+Unicode-3.0
PD-B-E13-S04,PD-001,PD-001-B,PD-B-E13,4,PD-U101D7,not_stated,evans1909,"p282, Figure129, native group B13",MIT,evans1909-public-domain+Unicode-3.0
PD-B-E12-S01,PD-001,PD-001-B,PD-B-E12,1,PD-U101EC,not_stated,evans1909,"p282, Figure129, native group B12",MIT,evans1909-public-domain+Unicode-3.0
PD-B-E12-S02,PD-001,PD-001-B,PD-B-E12,2,PD-U101D7,not_stated,evans1909,"p282, Figure129, native group B12",MIT,evans1909-public-domain+Unicode-3.0
PD-B-E12-S03,PD-001,PD-001-B,PD-B-E12,3,PD-U101DC,not_stated,evans1909,"p282, Figure129, native group B12",MIT,evans1909-public-domain+Unicode-3.0
PD-B-E11-S01,PD-001,PD-001-B,PD-B-E11,1,PD-U101EC,not_stated,evans1909,"p282, Figure129, native group B11",MIT,evans1909-public-domain+Unicode-3.0
PD-B-E11-S02,PD-001,PD-001-B,PD-B-E11,2,PD-U101FC,not_stated,evans1909,"p282, Figure129, native group B11",MIT,evans1909-public-domain+Unicode-3.0
PD-B-E11-S03,PD-001,PD-001-B,PD-B-E11,3,PD-U101D6,not_stated,evans1909,"p282, Figure129, native group B11",MIT,evans1909-public-domain+Unicode-3.0
PD-B-E10-S01,PD-001,PD-001-B,PD-B-E10,1,PD-U101E5,not_stated,evans1909,"p282, Figure129, native group B10",MIT,evans1909-public-domain+Unicode-3.0
PD-B-E10-S02,PD-001,PD-001-B,PD-B-E10,2,PD-U101EC,not_stated,evans1909,"p282, Figure129, native group B10",MIT,evans1909-public-domain+Unicode-3.0
PD-B-E10-S03,PD-001,PD-001-B,PD-B-E10,3,PD-U101F3,not_stated,evans1909,"p282, Figure129, native group B10",MIT,evans1909-public-domain+Unicode-3.0
PD-B-E10-S04,PD-001,PD-001-B,PD-B-E10,4,PD-U101D6,not_stated,evans1909,"p282, Figure129, native group B10",MIT,evans1909-public-domain+Unicode-3.0
PD-B-E10-S05,PD-001,PD-001-B,PD-B-E10,5,PD-U101D7,not_stated,evans1909,"p282, Figure129, native group B10",MIT,evans1909-public-domain+Unicode-3.0
PD-B-E09-S01,PD-001,PD-001-B,PD-B-E09,1,PD-U101EA,not_stated,evans1909,"p282, Figure129, native group B9",MIT,evans1909-public-domain+Unicode-3.0
PD-B-E09-S02,PD-001,PD-001-B,PD-B-E09,2,PD-U101F1,not_stated,evans1909,"p282, Figure129, native group B9",MIT,evans1909-public-domain+Unicode-3.0
PD-B-E09-S03,PD-001,PD-001-B,PD-B-E09,3,PD-U101E6,not_stated,evans1909,"p282, Figure129, native group B9",MIT,evans1909-public-domain+Unicode-3.0
PD-B-E09-S04,PD-001,PD-001-B,PD-B-E09,4,PD-U101E8,not_stated,evans1909,"p282, Figure129, native group B9",MIT,evans1909-public-domain+Unicode-3.0
PD-B-E08-S01,PD-001,PD-001-B,PD-B-E08,1,PD-U101D6,not_stated,evans1909,"p282, Figure129, native group B8",MIT,evans1909-public-domain+Unicode-3.0
PD-B-E08-S02,PD-001,PD-001-B,PD-B-E08,2,PD-U101E1,not_stated,evans1909,"p282, Figure129, native group B8",MIT,evans1909-public-domain+Unicode-3.0
PD-B-E08-S03,PD-001,PD-001-B,PD-B-E08,3,PD-U101F2,not_stated,evans1909,"p282, Figure129, native group B8",MIT,evans1909-public-domain+Unicode-3.0
PD-B-E07-S01,PD-001,PD-001-B,PD-B-E07,1,PD-U101D6,not_stated,evans1909,"p282, Figure129, native group B7",MIT,evans1909-public-domain+Unicode-3.0
PD-B-E07-S02,PD-001,PD-001-B,PD-B-E07,2,PD-U101FC,not_stated,evans1909,"p282, Figure129, native group B7",MIT,evans1909-public-domain+Unicode-3.0
PD-B-E07-S03,PD-001,PD-001-B,PD-B-E07,3,PD-U101D6,not_stated,evans1909,"p282, Figure129, native group B7",MIT,evans1909-public-domain+Unicode-3.0
PD-B-E06-S01,PD-001,PD-001-B,PD-B-E06,1,PD-U101D6,not_stated,evans1909,"p282, Figure129, native group B6",MIT,evans1909-public-domain+Unicode-3.0
PD-B-E06-S02,PD-001,PD-001-B,PD-B-E06,2,PD-U101E6,not_stated,evans1909,"p282, Figure129, native group B6",MIT,evans1909-public-domain+Unicode-3.0
PD-B-E06-S03,PD-001,PD-001-B,PD-B-E06,3,PD-U101E1,not_stated,evans1909,"p282, Figure129, native group B6",MIT,evans1909-public-domain+Unicode-3.0
PD-B-E06-S04,PD-001,PD-001-B,PD-B-E06,4,PD-U101E7,not_stated,evans1909,"p282, Figure129, native group B6",MIT,evans1909-public-domain+Unicode-3.0
PD-B-E05-S01,PD-001,PD-001-B,PD-B-E05,1,PD-U101E5,not_stated,evans1909,"p282, Figure129, native group B5",MIT,evans1909-public-domain+Unicode-3.0
PD-B-E05-S02,PD-001,PD-001-B,PD-B-E05,2,PD-U101EC,not_stated,evans1909,"p282, Figure129, native group B5",MIT,evans1909-public-domain+Unicode-3.0
PD-B-E05-S03,PD-001,PD-001-B,PD-B-E05,3,PD-U101F3,not_stated,evans1909,"p282, Figure129, native group B5",MIT,evans1909-public-domain+Unicode-3.0
PD-B-E05-S04,PD-001,PD-001-B,PD-B-E05,4,PD-U101D6,not_stated,evans1909,"p282, Figure129, native group B5",MIT,evans1909-public-domain+Unicode-3.0
PD-B-E05-S05,PD-001,PD-001-B,PD-B-E05,5,PD-U101D7,not_stated,evans1909,"p282, Figure129, native group B5",MIT,evans1909-public-domain+Unicode-3.0
PD-B-E04-S01,PD-001,PD-001-B,PD-B-E04,1,PD-U101D8,not_stated,evans1909,"p282, Figure129, native group B4",MIT,evans1909-public-domain+Unicode-3.0
PD-B-E04-S02,PD-001,PD-001-B,PD-B-E04,2,PD-U101ED,not_stated,evans1909,"p282, Figure129, native group B4",MIT,evans1909-public-domain+Unicode-3.0
PD-B-E04-S03,PD-001,PD-001-B,PD-B-E04,3,PD-U101F6,not_stated,evans1909,"p282, Figure129, native group B4",MIT,evans1909-public-domain+Unicode-3.0
PD-B-E04-S04,PD-001,PD-001-B,PD-B-E04,4,PD-U101E1,not_stated,evans1909,"p282, Figure129, native group B4",MIT,evans1909-public-domain+Unicode-3.0
PD-B-E04-S05,PD-001,PD-001-B,PD-B-E04,5,PD-U101D6,not_stated,evans1909,"p282, Figure129, native group B4",MIT,evans1909-public-domain+Unicode-3.0
PD-B-E03-S01,PD-001,PD-001-B,PD-B-E03,1,PD-U101D1,not_stated,evans1909,"p282, Figure129, native group B3",MIT,evans1909-public-domain+Unicode-3.0
PD-B-E03-S02,PD-001,PD-001-B,PD-B-E03,2,PD-U101D5,not_stated,evans1909,"p282, Figure129, native group B3",MIT,evans1909-public-domain+Unicode-3.0
PD-B-E03-S03,PD-001,PD-001-B,PD-B-E03,3,PD-U101F2,not_stated,evans1909,"p282, Figure129, native group B3",MIT,evans1909-public-domain+Unicode-3.0
PD-B-E03-S04,PD-001,PD-001-B,PD-B-E03,4,PD-U101E6,not_stated,evans1909,"p282, Figure129, native group B3",MIT,evans1909-public-domain+Unicode-3.0
PD-B-E03-S05,PD-001,PD-001-B,PD-B-E03,5,PD-U101D6,not_stated,evans1909,"p282, Figure129, native group B3",MIT,evans1909-public-domain+Unicode-3.0
PD-B-E02-S01,PD-001,PD-001-B,PD-B-E02,1,PD-U101EC,not_stated,evans1909,"p282, Figure129, native group B2",MIT,evans1909-public-domain+Unicode-3.0
PD-B-E02-S02,PD-001,PD-001-B,PD-B-E02,2,PD-U101F1,not_stated,evans1909,"p282, Figure129, native group B2",MIT,evans1909-public-domain+Unicode-3.0
PD-B-E02-S03,PD-001,PD-001-B,PD-B-E02,3,PD-U101E6,not_stated,evans1909,"p282, Figure129, native group B2",MIT,evans1909-public-domain+Unicode-3.0
PD-B-E02-S04,PD-001,PD-001-B,PD-B-E02,4,PD-U101E8,not_stated,evans1909,"p282, Figure129, native group B2",MIT,evans1909-public-domain+Unicode-3.0
PD-B-E01-S01,PD-001,PD-001-B,PD-B-E01,1,PD-U101FC,not_stated,evans1909,"p282, Figure129, native group B1",MIT,evans1909-public-domain+Unicode-3.0
PD-B-E01-S02,PD-001,PD-001-B,PD-B-E01,2,PD-U101D6,not_stated,evans1909,"p282, Figure129, native group B1",MIT,evans1909-public-domain+Unicode-3.0
